{
    "Ain_Harrouda": "Aïn Harrouda",
    "Bouskoura": "Bouskoura",
    "Casablanca": "Casablanca",
    "Mediouna": "Médiouna",
    "Tit_Mellil": "Tit Mellil",
    "Bejaad": "Bejaâd",
    "Ben_Ahmed": "Ben Ahmed",
    "Benslimane": "Benslimane",
    "Boujniba": "Boujniba",
    "Boulanouare": "Boulanouare",
    "Bouznika": "Bouznika",
    "Deroua": "Deroua",
    "El_Borouj": "El Borouj",
    "El_Gara": "El Gara",
    "Guisser": "Guisser",
    "Hattane": "Hattane",
    "Khouribga": "Khouribga",
    "Loulad": "Loulad",
    "Oued_Zem": "Oued Zem",
    "Oulad_Abbou": "Oulad Abbou",
    "Oulad_Said": "Oulad Saïd",
    "Ras_El_Ain": "Ras El Aïn",
    "Settat": "Settat",
    "Soualem": "Soualem",
    "Azemmour": "Azemmour",
    "Bouguedra": "Bouguedra",
    "Echemmaia": "Echemmaia",
    "Hrara": "Hrara",
    "Ighoud": "Ighoud",
    "Jamaat_Shaim": "Jamâat Shaim",
    "Jorf_Lasfar": "Jorf Lasfar",
    "Laaounate": "Laaounate",
    "Moulay_Abdallah": "Moulay Abdallah",
    "Oulad_Amrane": "Oulad Amrane",
    "Oulad_Frej": "Oulad Frej",
    "Oulad_Ghadbane": "Oulad Ghadbane",
    "Safi": "Safi",
    "Sebt_El_Maarif": "Sebt El Maârif",
    "Sebt_Gzoula": "Sebt Gzoula",
    "Youssoufia": "Youssoufia",
    "Fes": "Fès",
    "Ain_Cheggag": "Aïn Cheggag",
    "Bhalil": "Bhalil",
    "Boulemane": "Boulemane",
    "El_Menzel": "El Menzel",
    "Guigou": "Guigou",
    "Imouzzer_Kandar": "Imouzzer Kandar",
    "Imouzzer_Marmoucha": "Imouzzer Marmoucha",
    "Missour": "Missour",
    "Moulay_Yaacoub": "Moulay Yaâcoub",
    "Ouled_Tayeb": "Ouled Tayeb",
    "Outat_El_Haj": "Outat El Haj",
    "Ribate_El_Kheir": "Ribate El Kheir",
    "Sefrou": "Séfrou",
    "Skhinate": "Skhinate",
    "Tafajight": "Tafajight",
    "Arbaoua": "Arbaoua",
    "Ain_Dorij": "Aïn Dorij",
    "Dar_Gueddari": "Dar Gueddari",
    "Had_Kourt": "Had Kourt",
    "Jorf_El_Melha": "Jorf El Melha",
    "Kenitra": "Kénitra",
    "Khenichet": "Khenichet",
    "Lalla_Mimouna": "Lalla Mimouna",
    "Mechra_Bel_Ksiri": "Mechra Bel Ksiri",
    "Mehdia": "Mehdia",
    "Moulay_Bousselham": "Moulay Bousselham",
    "Souk_El_Arbaa": "Souk El Arbaa",
    "Akka": "Akka",
    "Assa": "Assa",
    "Bouizakarne": "Bouizakarne",
    "El_Ouatia": "El Ouatia",
    "Es-Semara": "Es-Semara",
    "Fam_El_Hisn": "Fam El Hisn",
    "Guelmim": "Guelmim",
    "Taghjijt": "Taghjijt",
    "Tan_Tan": "Tan_Tan",
    "Tata": "Tata",
    "Zag": "Zag",
    "Marrakech": "Marrakech",
    "Ait_Daoud": "Ait Daoud",
    "Amizmiz": "Amizmiz",
    "Assahrij": "Assahrij",
    "Ait_Ourir": "Aït Ourir",
    "Ben_Guerir": "Ben Guerir",
    "Chichaoua": "Chichaoua",
    "El_Hanchane": "El Hanchane",
    "El_Kelaa_des_Sraghna": "El Kelaâ des Sraghna",
    "Essaouira": "Essaouira",
    "Fraita": "Fraïta",
    "Ghmate": "Ghmate",
    "Ighounane": "Ighounane",
    "Imintanoute": "Imintanoute",
    "Kattara": "Kattara",
    "Lalla_Takerkoust": "Lalla Takerkoust",
    "Loudaya": "Loudaya",
    "Laattaouia": "Lâattaouia",
    "Moulay_Brahim": "Moulay Brahim",
    "Mzouda": "Mzouda",
    "Ounagha": "Ounagha",
    "Skhour_Rehamna": "Skhour Rehamna",
    "Smimou": "Smimou",
    "Tafetachte": "Tafetachte",
    "Tahannaout": "Tahannaout",
    "Talmest": "Talmest",
    "Tamallalt": "Tamallalt",
    "Tamanar": "Tamanar",
    "Tamansourt": "Tamansourt",
    "Tameslouht": "Tameslouht",
    "Tanalt": "Tanalt",
    "Meknes": "Meknès",
    "Khenifra": "Khénifra",
    "Agourai": "Agourai",
    "Ain_Taoujdate": "Ain Taoujdate",
    "MyAliCherif": "MyAliCherif",
    "Rissani": "Rissani",
    "Amalou_Ighriben": "Amalou Ighriben",
    "Aoufous": "Aoufous",
    "Arfoud": "Arfoud",
    "Azrou": "Azrou",
    "Ain_Jemaa": "Aïn Jemaa",
    "Ain_Karma": "Aïn Karma",
    "Ain_Leuh": "Aïn Leuh",
    "Ait_Ishaq": "Aït Ishaq",
    "Boudnib": "Boudnib",
    "Boufakrane": "Boufakrane",
    "Boumia": "Boumia",
    "El_Hajeb": "El Hajeb",
    "Elkbab": "Elkbab",
    "Er-Rich": "Er-Rich",
    "Gardmit": "Gardmit",
    "Goulmima": "Goulmima",
    "Gourrama": "Gourrama",
    "Had_Bouhssoussen": "Had Bouhssoussen",
    "El_Haj_Kaddour": "El Haj Kaddour",
    "Ifrane": "Ifrane",
    "Itzer": "Itzer",
    "Jorf": "Jorf",
    "Kehf_Nsour": "Kehf Nsour",
    "Kerrouchen": "Kerrouchen",
    "Moulay_Bouazza": "Moulay Bouazza",
    "Oued_Ifrane": "Oued Ifrane",
    "Sabaa_Aiyoun": "Sabaa Aiyoun",
    "Sebt_Jahjouh": "Sebt Jahjouh",
    "Tighassaline": "Tighassaline",
    "Tighza": "Tighza",
    "Timahdite": "Timahdite",
    "Tinejdad": "Tinejdad",
    "Toulal": "Toulal",
    "Tounfite": "Tounfite",
    "Zaida": "Zaïda",
    "Ahfir": "Ahfir",
    "Aklim": "Aklim",
    "Al_Aroui": "Al Aroui",
    "Ain_Bni_Mathar": "Aïn Bni Mathar",
    "Ain_Erreggada": "Aïn Erreggada",
    "Ben_Taieb": "Ben Taïeb",
    "Berkane": "Berkane",
    "Bni_Ansar": "Bni Ansar",
    "Bni_Chiker": "Bni Chiker",
    "Bni_Drar": "Bni Drar",
    "Bni_Tadjite": "Bni Tadjite",
    "Bouanane": "Bouanane",
    "Bouarfa": "Bouarfa",
    "Bouhdila": "Bouhdila",
    "Dar_El_Kebdani": "Dar El Kebdani",
    "Debdou": "Debdou",
    "Douar_Kannine": "Douar Kannine",
    "Driouch": "Driouch",
    "Farkhana": "Farkhana",
    "Figuig": "Figuig",
    "Ihddaden": "Ihddaden",
    "Jaadar": "Jaâdar",
    "Jerada": "Jerada",
    "Kariat_Arekmane": "Kariat Arekmane",
    "Kassita": "Kassita",
    "Kerouna": "Kerouna",
    "Laatamna": "Laâtamna",
    "Madagh": "Madagh",
    "Nador": "Nador",
    "Naima": "Naima",
    "Oued_Heimer": "Oued Heimer",
    "Oujda": "Oujda",
    "Ras_El_Ma": "Ras El Ma",
    "Saidia": "Saïdia",
    "Selouane": "Selouane",
    "Sidi_Slimane_Echcharraa": "Sidi Slimane Echcharraa",
    "Talsint": "Talsint",
    "Taourirt": "Taourirt",
    "Tendrara": "Tendrara",
    "Tiztoutine": "Tiztoutine",
    "Touima": "Touima",
    "Touissit": "Touissit",
    "Zaio": "Zaïo",
    "Zeghanghane": "Zeghanghane",
    "Rabat": "Rabat",
    "Sale": "Salé",
    "Ain_El_Aouda": "Ain El Aouda",
    "Harhoura": "Harhoura",
    "Khemisset": "Khémisset",
    "Oulmes": "Oulmès",
    "Rommani": "Rommani",
    "Tamesna": "Tamesna",
    "Temara": "Témara",
    "Tiflet": "Tiflet",
    "Touarga": "Touarga",
    "Agadir": "Agadir",
    "Agdz": "Agdz",
    "Agni_Izimmer": "Agni Izimmer",
    "Ait_Melloul": "Aït Melloul",
    "Alnif": "Alnif",
    "Anzi": "Anzi",
    "Aoulouz": "Aoulouz",
    "Aourir": "Aourir",
    "Arazane": "Arazane",
    "Ait_Baha": "Aït Baha",
    "Ait_Iaaza": "Aït Iaâza",
    "Ait_Yalla": "Aït Yalla",
    "Biougra": "Biougra",
    "Boumalne-Dades": "Boumalne-Dadès",
    "Dcheira_El_Jihadia": "Dcheira El Jihadia",
    "Drargua": "Drargua",
    "El_Guerdane": "El Guerdane",
    "Harte_Lyamine": "Harte Lyamine",
    "Inezgane": "Inezgane",
    "Irherm": "Irherm",
    "Lakhsas": "Lakhsas",
    "Lqliaa": "Lqliâa",
    "Ouarzazate": "Ouarzazate",
    "Oulad_Berhil": "Oulad Berhil",
    "Oulad_Teima": "Oulad Teïma",
    "Skoura": "Skoura",
    "Tafraout": "Tafraout",
    "Taliouine": "Taliouine",
    "Tamegroute": "Tamegroute",
    "Tiznit": "Tiznit",
    "Zagora": "Zagora",
    "Afourar": "Afourar",
    "Azilal": "Azilal",
    "Beni_Mellal": "Béni Mellal",
    "Bradia": "Bradia",
    "Bzou": "Bzou",
    "Demnate": "Demnate",
    "El_Ksiba": "El Ksiba",
    "Foum_Jamaa": "Foum Jamaa",
    "Fquih_Ben_Salah": "Fquih Ben Salah",
    "Kasba_Tadla": "Kasba Tadla",
    "Ouaouizeght": "Ouaouizeght",
    "Zaouiat_Cheikh": "Zaouïat Cheikh",
    "Tanger": "Tanger",
    "Tetouan": "Tétouan",
    "Assilah": "Assilah",
    "Bab_Berred": "Bab Berred",
    "Bab_Taza": "Bab Taza",
    "Brikcha": "Brikcha",
    "Chefchaouen": "Chefchaouen",
    "Dar_Bni_Karrich": "Dar Bni Karrich",
    "Dar_Chaoui": "Dar Chaoui",
    "Jebha": "Jebha",
    "Khemis_Sahel": "Khémis Sahel",
    "Ksar_El_Kebir": "Ksar El Kébir",
    "Larache": "Larache",
    "Moqrisset": "Moqrisset",
    "Ajdir": "Ajdir",
    "Aknoul": "Aknoul",
    "Al_Hoceima": "Al Hoceïma",
    "Bni_Bouayach": "Bni Bouayach",
    "Bni_Hadifa": "Bni Hadifa",
    "Ghafsai": "Ghafsai",
    "Guercif": "Guercif",
    "Imzouren": "Imzouren",
    "Karia_Ba_Mohamed": "Karia Ba Mohamed",
    "Oulad_Zbair": "Oulad Zbair",
    "Tahla": "Tahla",
    "Tamassint": "Tamassint",
    "Taounate": "Taounate",
    "Targuist": "Targuist",
    "Taza": "Taza",
    "Tainaste": "Taïnaste",
    "Thar_Es-Souk": "Thar Es-Souk",
    "Tissa": "Tissa",
    "Laayoune": "Laayoune",
    "El_Marsa": "El Marsa",
    "Tarfaya": "Tarfaya",
    "Boujdour": "Boujdour"
}